{
    "metadata": {
        "Model_Architecture": "TinyTransformer",
        "Context_Length": 5,
        "Embedding_Length": 5,
        "Block_Count": 1,
        "Feed_Forward_Layer_Size": 5,
        "RoPE_Dimension_Count": 5,
        "Attention_Head_Count": 1,
        "Layer_Norm_Epsilon": 9.999999747378752e-06,
        "RoPE_Frequency_Base": 1.401298464324817e-41
    },
    "vocabulary": {},
    "weights": {
        "embedding": [
            [
                0.0,
                0.0,
                0.0,
                0.0,
                0.0
            ],
            [
                0.0,
                0.0,
                0.0,
                0.0,
                0.0
            ],
            [
                0.0,
                0.9347047805786133,
                0.07833842188119888,
                -0.1573018878698349,
                -0.37725022435188293
            ],
            [
                -1.4977898597717285,
                -1.1747392416000366,
                -0.5798462629318237,
                -0.9467189908027649,
                0.22410157322883606
            ],
            [
                0.19144682586193085,
                -0.3395657539367676,
                0.648118793964386,
                -0.17575573921203613,
                -1.840567946434021
            ]
        ],
        "attention": [],
        "feedforward": [],
        "output": []
    }
}